{"losses": [31.9057936668396, 23.67775908112526, 20.80566245317459, 18.141223341226578, 17.364208072423935, 17.008387446403503, 15.025127202272415, 14.139722868800163, 13.047340229153633, 11.87069447338581, 11.256869107484818, 10.966379314661026, 10.115884520113468, 9.12574115395546, 8.606190741062164, 8.121458932757378, 7.336054548621178, 6.8557844534516335, 7.175615020096302, 6.99564615637064], "accuracies": [0.478, 0.691, 0.769, 0.797, 0.806, 0.807, 0.829, 0.828, 0.84, 0.844, 0.86, 0.857, 0.87, 0.885, 0.898, 0.903, 0.915, 0.927, 0.915, 0.924]}